,Unnamed: 0,time,latitude,longitude,speed
0,0,2018-05-16 19:07:16.390,50.0334245717,19.9258635175,65.0080879211
1,1,2018-05-16 19:07:16.410,50.0334245717,19.9258635175,65.0080879211
2,2,2018-05-16 19:07:16.432,50.0334245717,19.9258635175,65.0080879211
3,3,2018-05-16 19:07:16.453,50.0334245717,19.9258635175,65.0080879211
4,4,2018-05-16 19:07:16.474,50.0334245717,19.9258635175,65.0080879211
5,5,2018-05-16 19:07:16.496,50.0334245717,19.9258635175,65.0080879211
6,6,2018-05-16 19:07:16.517,50.0334245717,19.9258635175,65.0080879211
7,7,2018-05-16 19:07:16.539,50.0334245717,19.9258635175,65.0080879211
8,8,2018-05-16 19:07:16.560,50.0334245717,19.9258635175,65.0080879211
9,9,2018-05-16 19:07:16.581,50.0334245717,19.9258635175,65.0080879211
10,10,2018-05-16 19:07:16.602,50.0334245717,19.9258635175,65.0080879211
11,11,2018-05-16 19:07:16.624,50.0334245717,19.9258635175,65.0080879211
12,12,2018-05-16 19:07:16.645,50.0334245717,19.9258635175,65.0080879211
13,13,2018-05-16 19:07:16.666,50.0334245717,19.9258635175,65.0080879211
14,14,2018-05-16 19:07:16.687,50.0334245717,19.9258635175,65.0080879211
15,15,2018-05-16 19:07:16.708,50.0334245717,19.9258635175,65.0080879211
16,16,2018-05-16 19:07:16.728,50.0334245717,19.9258635175,65.0080879211
17,17,2018-05-16 19:07:16.749,50.0334245717,19.9258635175,65.0080879211
18,18,2018-05-16 19:07:16.771,50.0334245717,19.9258635175,65.0080879211
19,19,2018-05-16 19:07:16.792,50.0334245717,19.9258635175,65.0080879211
20,20,2018-05-16 19:07:16.813,50.0334245717,19.9258635175,65.0080879211
21,21,2018-05-16 19:07:16.834,50.0334245717,19.9258635175,65.0080879211
22,22,2018-05-16 19:07:16.855,50.0334245717,19.9258635175,65.0080879211
23,23,2018-05-16 19:07:16.876,50.0334245717,19.9258635175,65.0080879211
24,24,2018-05-16 19:07:16.897,50.0334245717,19.9258635175,65.0080879211
25,25,2018-05-16 19:07:16.921,50.0335798518,19.9258368782,60.4840621948
26,26,2018-05-16 19:07:16.945,50.0335798518,19.9258368782,60.4840621948
27,27,2018-05-16 19:07:16.967,50.0335798518,19.9258368782,60.4840621948
28,28,2018-05-16 19:07:16.990,50.0335798518,19.9258368782,60.4840621948
29,29,2018-05-16 19:07:17.011,50.0335798518,19.9258368782,60.4840621948
30,30,2018-05-16 19:07:17.033,50.0335798518,19.9258368782,60.4840621948
31,31,2018-05-16 19:07:17.056,50.0335798518,19.9258368782,60.4840621948
32,32,2018-05-16 19:07:17.077,50.0335798518,19.9258368782,60.4840621948
33,33,2018-05-16 19:07:17.098,50.0335798518,19.9258368782,60.4840621948
34,34,2018-05-16 19:07:17.120,50.0335798518,19.9258368782,60.4840621948
35,35,2018-05-16 19:07:17.141,50.0335798518,19.9258368782,60.4840621948
36,36,2018-05-16 19:07:17.163,50.0335798518,19.9258368782,60.4840621948
37,37,2018-05-16 19:07:17.185,50.0335798518,19.9258368782,60.4840621948
38,38,2018-05-16 19:07:17.206,50.0335798518,19.9258368782,60.4840621948
39,39,2018-05-16 19:07:17.227,50.0335798518,19.9258368782,60.4840621948
40,40,2018-05-16 19:07:17.256,50.0335798518,19.9258368782,60.4840621948
41,41,2018-05-16 19:07:17.277,50.0335798518,19.9258368782,60.4840621948
42,42,2018-05-16 19:07:17.298,50.0335798518,19.9258368782,60.4840621948
43,43,2018-05-16 19:07:17.327,50.0335798518,19.9258368782,60.4840621948
44,44,2018-05-16 19:07:17.348,50.0335798518,19.9258368782,60.4840621948
45,45,2018-05-16 19:07:17.370,50.0335798518,19.9258368782,60.4840621948
46,46,2018-05-16 19:07:17.392,50.0335798518,19.9258368782,60.4840621948
47,47,2018-05-16 19:07:17.414,50.0335798518,19.9258368782,60.4840621948
48,48,2018-05-16 19:07:17.435,50.0335798518,19.9258368782,60.4840621948
49,49,2018-05-16 19:07:17.456,50.0335798518,19.9258368782,60.4840621948
50,50,2018-05-16 19:07:17.477,50.0335798518,19.9258368782,60.4840621948
51,51,2018-05-16 19:07:17.499,50.0335798518,19.9258368782,60.4840621948
52,52,2018-05-16 19:07:17.520,50.0335798518,19.9258368782,60.4840621948
53,53,2018-05-16 19:07:17.541,50.0335798518,19.9258368782,60.4840621948
54,54,2018-05-16 19:07:17.562,50.0335798518,19.9258368782,60.4840621948
55,55,2018-05-16 19:07:17.585,50.0335798518,19.9258368782,60.4840621948
56,56,2018-05-16 19:07:17.606,50.0335798518,19.9258368782,60.4840621948
57,57,2018-05-16 19:07:17.628,50.0335798518,19.9258368782,60.4840621948
58,58,2018-05-16 19:07:17.654,50.0335798518,19.9258368782,60.4840621948
59,59,2018-05-16 19:07:17.675,50.0335798518,19.9258368782,60.4840621948
60,60,2018-05-16 19:07:17.696,50.0335798518,19.9258368782,60.4840621948
61,61,2018-05-16 19:07:17.718,50.0335798518,19.9258368782,60.4840621948
62,62,2018-05-16 19:07:17.739,50.0335798518,19.9258368782,60.4840621948
63,63,2018-05-16 19:07:17.760,50.0335798518,19.9258368782,60.4840621948
64,64,2018-05-16 19:07:17.783,50.0335798518,19.9258368782,60.4840621948
65,65,2018-05-16 19:07:17.804,50.0335798518,19.9258368782,60.4840621948
66,66,2018-05-16 19:07:17.825,50.0335798518,19.9258368782,60.4840621948
67,67,2018-05-16 19:07:17.847,50.0335798518,19.9258368782,60.4840621948
68,68,2018-05-16 19:07:17.868,50.0335798518,19.9258368782,60.4840621948
69,69,2018-05-16 19:07:17.889,50.0335798518,19.9258368782,60.4840621948
70,70,2018-05-16 19:07:17.910,50.0335798518,19.9258368782,60.4840621948
71,71,2018-05-16 19:07:17.933,50.0337194292,19.9258158896,52.9015800476
72,72,2018-05-16 19:07:17.956,50.0337194292,19.9258158896,52.9015800476
73,73,2018-05-16 19:07:17.978,50.0337194292,19.9258158896,52.9015800476
74,74,2018-05-16 19:07:17.999,50.0337194292,19.9258158896,52.9015800476
75,75,2018-05-16 19:07:18.023,50.0337194292,19.9258158896,52.9015800476
76,76,2018-05-16 19:07:18.045,50.0337194292,19.9258158896,52.9015800476
77,77,2018-05-16 19:07:18.067,50.0337194292,19.9258158896,52.9015800476
78,78,2018-05-16 19:07:18.093,50.0337194292,19.9258158896,52.9015800476
79,79,2018-05-16 19:07:18.115,50.0337194292,19.9258158896,52.9015800476
80,80,2018-05-16 19:07:18.136,50.0337194292,19.9258158896,52.9015800476
81,81,2018-05-16 19:07:18.157,50.0337194292,19.9258158896,52.9015800476
82,82,2018-05-16 19:07:18.179,50.0337194292,19.9258158896,52.9015800476
83,83,2018-05-16 19:07:18.199,50.0337194292,19.9258158896,52.9015800476
84,84,2018-05-16 19:07:18.220,50.0337194292,19.9258158896,52.9015800476
85,85,2018-05-16 19:07:18.242,50.0337194292,19.9258158896,52.9015800476
86,86,2018-05-16 19:07:18.263,50.0337194292,19.9258158896,52.9015800476
87,87,2018-05-16 19:07:18.284,50.0337194292,19.9258158896,52.9015800476
88,88,2018-05-16 19:07:18.305,50.0337194292,19.9258158896,52.9015800476
89,89,2018-05-16 19:07:18.327,50.0337194292,19.9258158896,52.9015800476
90,90,2018-05-16 19:07:18.349,50.0337194292,19.9258158896,52.9015800476
91,91,2018-05-16 19:07:18.369,50.0337194292,19.9258158896,52.9015800476
92,92,2018-05-16 19:07:18.390,50.0337194292,19.9258158896,52.9015800476
93,93,2018-05-16 19:07:18.410,50.0337194292,19.9258158896,52.9015800476
94,94,2018-05-16 19:07:18.431,50.0337194292,19.9258158896,52.9015800476
95,95,2018-05-16 19:07:18.453,50.0337194292,19.9258158896,52.9015800476
96,96,2018-05-16 19:07:18.474,50.0337194292,19.9258158896,52.9015800476
97,97,2018-05-16 19:07:18.495,50.0337194292,19.9258158896,52.9015800476
98,98,2018-05-16 19:07:18.516,50.0337194292,19.9258158896,52.9015800476
99,99,2018-05-16 19:07:18.538,50.0337194292,19.9258158896,52.9015800476
100,100,2018-05-16 19:07:18.559,50.0337194292,19.9258158896,52.9015800476
101,101,2018-05-16 19:07:18.580,50.0337194292,19.9258158896,52.9015800476
102,102,2018-05-16 19:07:18.601,50.0337194292,19.9258158896,52.9015800476
103,103,2018-05-16 19:07:18.621,50.0337194292,19.9258158896,52.9015800476
104,104,2018-05-16 19:07:18.643,50.0337194292,19.9258158896,52.9015800476
105,105,2018-05-16 19:07:18.664,50.0337194292,19.9258158896,52.9015800476
106,106,2018-05-16 19:07:18.686,50.0337194292,19.9258158896,52.9015800476
107,107,2018-05-16 19:07:18.707,50.0337194292,19.9258158896,52.9015800476
108,108,2018-05-16 19:07:18.728,50.0337194292,19.9258158896,52.9015800476
109,109,2018-05-16 19:07:18.751,50.0337194292,19.9258158896,52.9015800476
110,110,2018-05-16 19:07:18.773,50.0337194292,19.9258158896,52.9015800476
111,111,2018-05-16 19:07:18.794,50.0337194292,19.9258158896,52.9015800476
112,112,2018-05-16 19:07:18.815,50.0337194292,19.9258158896,52.9015800476
113,113,2018-05-16 19:07:18.836,50.0337194292,19.9258158896,52.9015800476
114,114,2018-05-16 19:07:18.857,50.0337194292,19.9258158896,52.9015800476
115,115,2018-05-16 19:07:18.879,50.0337194292,19.9258158896,52.9015800476
116,116,2018-05-16 19:07:18.900,50.0337194292,19.9258158896,52.9015800476
117,117,2018-05-16 19:07:18.921,50.0337194292,19.9258158896,52.9015800476
118,118,2018-05-16 19:07:18.942,50.0337194292,19.9258158896,52.9015800476
119,119,2018-05-16 19:07:18.966,50.0338429807,19.9257989472,46.8123458862
120,120,2018-05-16 19:07:18.988,50.0338429807,19.9257989472,46.8123458862
121,121,2018-05-16 19:07:19.011,50.0338429807,19.9257989472,46.8123458862
122,122,2018-05-16 19:07:19.033,50.0338429807,19.9257989472,46.8123458862
123,123,2018-05-16 19:07:19.055,50.0338429807,19.9257989472,46.8123458862
124,124,2018-05-16 19:07:19.077,50.0338429807,19.9257989472,46.8123458862
125,125,2018-05-16 19:07:19.100,50.0338429807,19.9257989472,46.8123458862
126,126,2018-05-16 19:07:19.121,50.0338429807,19.9257989472,46.8123458862
127,127,2018-05-16 19:07:19.142,50.0338429807,19.9257989472,46.8123458862
128,128,2018-05-16 19:07:19.163,50.0338429807,19.9257989472,46.8123458862
129,129,2018-05-16 19:07:19.184,50.0338429807,19.9257989472,46.8123458862
130,130,2018-05-16 19:07:19.206,50.0338429807,19.9257989472,46.8123458862
131,131,2018-05-16 19:07:19.227,50.0338429807,19.9257989472,46.8123458862
132,132,2018-05-16 19:07:19.249,50.0338429807,19.9257989472,46.8123458862
133,133,2018-05-16 19:07:19.271,50.0338429807,19.9257989472,46.8123458862
134,134,2018-05-16 19:07:19.292,50.0338429807,19.9257989472,46.8123458862
135,135,2018-05-16 19:07:19.313,50.0338429807,19.9257989472,46.8123458862
136,136,2018-05-16 19:07:19.334,50.0338429807,19.9257989472,46.8123458862
137,137,2018-05-16 19:07:19.355,50.0338429807,19.9257989472,46.8123458862
138,138,2018-05-16 19:07:19.377,50.0338429807,19.9257989472,46.8123458862
139,139,2018-05-16 19:07:19.398,50.0338429807,19.9257989472,46.8123458862
140,140,2018-05-16 19:07:19.419,50.0338429807,19.9257989472,46.8123458862
141,141,2018-05-16 19:07:19.439,50.0338429807,19.9257989472,46.8123458862
142,142,2018-05-16 19:07:19.460,50.0338429807,19.9257989472,46.8123458862
143,143,2018-05-16 19:07:19.481,50.0338429807,19.9257989472,46.8123458862
144,144,2018-05-16 19:07:19.503,50.0338429807,19.9257989472,46.8123458862
145,145,2018-05-16 19:07:19.525,50.0338429807,19.9257989472,46.8123458862
146,146,2018-05-16 19:07:19.546,50.0338429807,19.9257989472,46.8123458862
147,147,2018-05-16 19:07:19.569,50.0338429807,19.9257989472,46.8123458862
148,148,2018-05-16 19:07:19.591,50.0338429807,19.9257989472,46.8123458862
149,149,2018-05-16 19:07:19.622,50.0338429807,19.9257989472,46.8123458862
150,150,2018-05-16 19:07:19.645,50.0338429807,19.9257989472,46.8123458862
151,151,2018-05-16 19:07:19.666,50.0338429807,19.9257989472,46.8123458862
152,152,2018-05-16 19:07:19.687,50.0338429807,19.9257989472,46.8123458862
153,153,2018-05-16 19:07:19.708,50.0338429807,19.9257989472,46.8123458862
154,154,2018-05-16 19:07:19.729,50.0338429807,19.9257989472,46.8123458862
155,155,2018-05-16 19:07:19.750,50.0338429807,19.9257989472,46.8123458862
156,156,2018-05-16 19:07:19.773,50.0338429807,19.9257989472,46.8123458862
157,157,2018-05-16 19:07:19.794,50.0338429807,19.9257989472,46.8123458862
158,158,2018-05-16 19:07:19.816,50.0338429807,19.9257989472,46.8123458862
159,159,2018-05-16 19:07:19.839,50.0338429807,19.9257989472,46.8123458862
160,160,2018-05-16 19:07:19.861,50.0338429807,19.9257989472,46.8123458862
161,161,2018-05-16 19:07:19.882,50.0338429807,19.9257989472,46.8123458862
162,162,2018-05-16 19:07:19.904,50.0338429807,19.9257989472,46.8123458862
163,163,2018-05-16 19:07:19.925,50.0338429807,19.9257989472,46.8123458862
164,164,2018-05-16 19:07:19.946,50.0339530217,19.9257879493,41.947668457
165,165,2018-05-16 19:07:19.970,50.0339530217,19.9257879493,41.947668457
166,166,2018-05-16 19:07:19.991,50.0339530217,19.9257879493,41.947668457
167,167,2018-05-16 19:07:20.014,50.0339530217,19.9257879493,41.947668457
168,168,2018-05-16 19:07:20.037,50.0339530217,19.9257879493,41.947668457
169,169,2018-05-16 19:07:20.057,50.0339530217,19.9257879493,41.947668457
170,170,2018-05-16 19:07:20.080,50.0339530217,19.9257879493,41.947668457
171,171,2018-05-16 19:07:20.101,50.0339530217,19.9257879493,41.947668457
172,172,2018-05-16 19:07:20.122,50.0339530217,19.9257879493,41.947668457
173,173,2018-05-16 19:07:20.143,50.0339530217,19.9257879493,41.947668457
174,174,2018-05-16 19:07:20.164,50.0339530217,19.9257879493,41.947668457
175,175,2018-05-16 19:07:20.185,50.0339530217,19.9257879493,41.947668457
176,176,2018-05-16 19:07:20.206,50.0339530217,19.9257879493,41.947668457
177,177,2018-05-16 19:07:20.228,50.0339530217,19.9257879493,41.947668457
178,178,2018-05-16 19:07:20.252,50.0339530217,19.9257879493,41.947668457
179,179,2018-05-16 19:07:20.276,50.0339530217,19.9257879493,41.947668457
180,180,2018-05-16 19:07:20.297,50.0339530217,19.9257879493,41.947668457
181,181,2018-05-16 19:07:20.318,50.0339530217,19.9257879493,41.947668457
182,182,2018-05-16 19:07:20.340,50.0339530217,19.9257879493,41.947668457
183,183,2018-05-16 19:07:20.361,50.0339530217,19.9257879493,41.947668457
184,184,2018-05-16 19:07:20.382,50.0339530217,19.9257879493,41.947668457
185,185,2018-05-16 19:07:20.403,50.0339530217,19.9257879493,41.947668457
186,186,2018-05-16 19:07:20.424,50.0339530217,19.9257879493,41.947668457
187,187,2018-05-16 19:07:20.445,50.0339530217,19.9257879493,41.947668457
188,188,2018-05-16 19:07:20.466,50.0339530217,19.9257879493,41.947668457
189,189,2018-05-16 19:07:20.488,50.0339530217,19.9257879493,41.947668457
190,190,2018-05-16 19:07:20.513,50.0339530217,19.9257879493,41.947668457
191,191,2018-05-16 19:07:20.536,50.0339530217,19.9257879493,41.947668457
192,192,2018-05-16 19:07:20.558,50.0339530217,19.9257879493,41.947668457
193,193,2018-05-16 19:07:20.579,50.0339530217,19.9257879493,41.947668457
194,194,2018-05-16 19:07:20.601,50.0339530217,19.9257879493,41.947668457
195,195,2018-05-16 19:07:20.622,50.0339530217,19.9257879493,41.947668457
196,196,2018-05-16 19:07:20.646,50.0339530217,19.9257879493,41.947668457
197,197,2018-05-16 19:07:20.670,50.0339530217,19.9257879493,41.947668457
198,198,2018-05-16 19:07:20.692,50.0339530217,19.9257879493,41.947668457
199,199,2018-05-16 19:07:20.713,50.0339530217,19.9257879493,41.947668457
200,200,2018-05-16 19:07:20.734,50.0339530217,19.9257879493,41.947668457
201,201,2018-05-16 19:07:20.755,50.0339530217,19.9257879493,41.947668457
202,202,2018-05-16 19:07:20.776,50.0339530217,19.9257879493,41.947668457
203,203,2018-05-16 19:07:20.798,50.0339530217,19.9257879493,41.947668457
204,204,2018-05-16 19:07:20.819,50.0339530217,19.9257879493,41.947668457
205,205,2018-05-16 19:07:20.840,50.0339530217,19.9257879493,41.947668457
206,206,2018-05-16 19:07:20.861,50.0339530217,19.9257879493,41.947668457
207,207,2018-05-16 19:07:20.882,50.0339530217,19.9257879493,41.947668457
208,208,2018-05-16 19:07:20.903,50.0339530217,19.9257879493,41.947668457
209,209,2018-05-16 19:07:20.928,50.0340523807,19.9257860319,37.0833927155
210,210,2018-05-16 19:07:20.950,50.0340523807,19.9257860319,37.0833927155
211,211,2018-05-16 19:07:20.971,50.0340523807,19.9257860319,37.0833927155
212,212,2018-05-16 19:07:20.993,50.0340523807,19.9257860319,37.0833927155
213,213,2018-05-16 19:07:21.015,50.0340523807,19.9257860319,37.0833927155
214,214,2018-05-16 19:07:21.036,50.0340523807,19.9257860319,37.0833927155
215,215,2018-05-16 19:07:21.058,50.0340523807,19.9257860319,37.0833927155
216,216,2018-05-16 19:07:21.079,50.0340523807,19.9257860319,37.0833927155
217,217,2018-05-16 19:07:21.100,50.0340523807,19.9257860319,37.0833927155
218,218,2018-05-16 19:07:21.120,50.0340523807,19.9257860319,37.0833927155
219,219,2018-05-16 19:07:21.143,50.0340523807,19.9257860319,37.0833927155
220,220,2018-05-16 19:07:21.164,50.0340523807,19.9257860319,37.0833927155
221,221,2018-05-16 19:07:21.185,50.0340523807,19.9257860319,37.0833927155
222,222,2018-05-16 19:07:21.211,50.0340523807,19.9257860319,37.0833927155
223,223,2018-05-16 19:07:21.232,50.0340523807,19.9257860319,37.0833927155
224,224,2018-05-16 19:07:21.253,50.0340523807,19.9257860319,37.0833927155
225,225,2018-05-16 19:07:21.274,50.0340523807,19.9257860319,37.0833927155
226,226,2018-05-16 19:07:21.296,50.0340523807,19.9257860319,37.0833927155
227,227,2018-05-16 19:07:21.317,50.0340523807,19.9257860319,37.0833927155
228,228,2018-05-16 19:07:21.338,50.0340523807,19.9257860319,37.0833927155
229,229,2018-05-16 19:07:21.360,50.0340523807,19.9257860319,37.0833927155
230,230,2018-05-16 19:07:21.381,50.0340523807,19.9257860319,37.0833927155
231,231,2018-05-16 19:07:21.402,50.0340523807,19.9257860319,37.0833927155
232,232,2018-05-16 19:07:21.423,50.0340523807,19.9257860319,37.0833927155
233,233,2018-05-16 19:07:21.445,50.0340523807,19.9257860319,37.0833927155
234,234,2018-05-16 19:07:21.466,50.0340523807,19.9257860319,37.0833927155
235,235,2018-05-16 19:07:21.489,50.0340523807,19.9257860319,37.0833927155
236,236,2018-05-16 19:07:21.511,50.0340523807,19.9257860319,37.0833927155
237,237,2018-05-16 19:07:21.533,50.0340523807,19.9257860319,37.0833927155
238,238,2018-05-16 19:07:21.554,50.0340523807,19.9257860319,37.0833927155
239,239,2018-05-16 19:07:21.575,50.0340523807,19.9257860319,37.0833927155
240,240,2018-05-16 19:07:21.604,50.0340523807,19.9257860319,37.0833927155
241,241,2018-05-16 19:07:21.626,50.0340523807,19.9257860319,37.0833927155
242,242,2018-05-16 19:07:21.647,50.0340523807,19.9257860319,37.0833927155
243,243,2018-05-16 19:07:21.668,50.0340523807,19.9257860319,37.0833927155
244,244,2018-05-16 19:07:21.691,50.0340523807,19.9257860319,37.0833927155
245,245,2018-05-16 19:07:21.712,50.0340523807,19.9257860319,37.0833927155
246,246,2018-05-16 19:07:21.735,50.0340523807,19.9257860319,37.0833927155
247,247,2018-05-16 19:07:21.756,50.0340523807,19.9257860319,37.0833927155
248,248,2018-05-16 19:07:21.777,50.0340523807,19.9257860319,37.0833927155
249,249,2018-05-16 19:07:21.798,50.0340523807,19.9257860319,37.0833927155
250,250,2018-05-16 19:07:21.821,50.0340523807,19.9257860319,37.0833927155
251,251,2018-05-16 19:07:21.843,50.0340523807,19.9257860319,37.0833927155
252,252,2018-05-16 19:07:21.864,50.0340523807,19.9257860319,37.0833927155
253,253,2018-05-16 19:07:21.886,50.0340523807,19.9257860319,37.0833927155
254,254,2018-05-16 19:07:21.907,50.0340523807,19.9257860319,37.0833927155
255,255,2018-05-16 19:07:21.932,50.0341412957,19.9257849686,32.5359867096
256,256,2018-05-16 19:07:21.954,50.0341412957,19.9257849686,32.5359867096
257,257,2018-05-16 19:07:21.975,50.0341412957,19.9257849686,32.5359867096
258,258,2018-05-16 19:07:21.998,50.0341412957,19.9257849686,32.5359867096
259,259,2018-05-16 19:07:22.022,50.0341412957,19.9257849686,32.5359867096
260,260,2018-05-16 19:07:22.044,50.0341412957,19.9257849686,32.5359867096
261,261,2018-05-16 19:07:22.065,50.0341412957,19.9257849686,32.5359867096
262,262,2018-05-16 19:07:22.088,50.0341412957,19.9257849686,32.5359867096
263,263,2018-05-16 19:07:22.110,50.0341412957,19.9257849686,32.5359867096
264,264,2018-05-16 19:07:22.132,50.0341412957,19.9257849686,32.5359867096
265,265,2018-05-16 19:07:22.153,50.0341412957,19.9257849686,32.5359867096
266,266,2018-05-16 19:07:22.174,50.0341412957,19.9257849686,32.5359867096
267,267,2018-05-16 19:07:22.197,50.0341412957,19.9257849686,32.5359867096
268,268,2018-05-16 19:07:22.218,50.0341412957,19.9257849686,32.5359867096
269,269,2018-05-16 19:07:22.239,50.0341412957,19.9257849686,32.5359867096
270,270,2018-05-16 19:07:22.262,50.0341412957,19.9257849686,32.5359867096
271,271,2018-05-16 19:07:22.284,50.0341412957,19.9257849686,32.5359867096
272,272,2018-05-16 19:07:22.305,50.0341412957,19.9257849686,32.5359867096
273,273,2018-05-16 19:07:22.327,50.0341412957,19.9257849686,32.5359867096
274,274,2018-05-16 19:07:22.348,50.0341412957,19.9257849686,32.5359867096
275,275,2018-05-16 19:07:22.369,50.0341412957,19.9257849686,32.5359867096
276,276,2018-05-16 19:07:22.392,50.0341412957,19.9257849686,32.5359867096
277,277,2018-05-16 19:07:22.413,50.0341412957,19.9257849686,32.5359867096
278,278,2018-05-16 19:07:22.434,50.0341412957,19.9257849686,32.5359867096
279,279,2018-05-16 19:07:22.456,50.0341412957,19.9257849686,32.5359867096
280,280,2018-05-16 19:07:22.477,50.0341412957,19.9257849686,32.5359867096
281,281,2018-05-16 19:07:22.498,50.0341412957,19.9257849686,32.5359867096
282,282,2018-05-16 19:07:22.519,50.0341412957,19.9257849686,32.5359867096
283,283,2018-05-16 19:07:22.540,50.0341412957,19.9257849686,32.5359867096
284,284,2018-05-16 19:07:22.561,50.0341412957,19.9257849686,32.5359867096
285,285,2018-05-16 19:07:22.583,50.0341412957,19.9257849686,32.5359867096
286,286,2018-05-16 19:07:22.606,50.0341412957,19.9257849686,32.5359867096
287,287,2018-05-16 19:07:22.629,50.0341412957,19.9257849686,32.5359867096
288,288,2018-05-16 19:07:22.650,50.0341412957,19.9257849686,32.5359867096
289,289,2018-05-16 19:07:22.671,50.0341412957,19.9257849686,32.5359867096
290,290,2018-05-16 19:07:22.692,50.0341412957,19.9257849686,32.5359867096
291,291,2018-05-16 19:07:22.714,50.0341412957,19.9257849686,32.5359867096
292,292,2018-05-16 19:07:22.735,50.0341412957,19.9257849686,32.5359867096
293,293,2018-05-16 19:07:22.756,50.0341412957,19.9257849686,32.5359867096
294,294,2018-05-16 19:07:22.778,50.0341412957,19.9257849686,32.5359867096
295,295,2018-05-16 19:07:22.800,50.0341412957,19.9257849686,32.5359867096
296,296,2018-05-16 19:07:22.821,50.0341412957,19.9257849686,32.5359867096
297,297,2018-05-16 19:07:22.843,50.0341412957,19.9257849686,32.5359867096
298,298,2018-05-16 19:07:22.865,50.0341412957,19.9257849686,32.5359867096
299,299,2018-05-16 19:07:22.887,50.0341412957,19.9257849686,32.5359867096
300,300,2018-05-16 19:07:22.908,50.0341412957,19.9257849686,32.5359867096
301,301,2018-05-16 19:07:22.931,50.0342197612,19.9257872175,29.5292037964
302,302,2018-05-16 19:07:22.952,50.0342197612,19.9257872175,29.5292037964
303,303,2018-05-16 19:07:22.974,50.0342197612,19.9257872175,29.5292037964
304,304,2018-05-16 19:07:22.996,50.0342197612,19.9257872175,29.5292037964
305,305,2018-05-16 19:07:23.021,50.0342197612,19.9257872175,29.5292037964
306,306,2018-05-16 19:07:23.042,50.0342197612,19.9257872175,29.5292037964
307,307,2018-05-16 19:07:23.064,50.0342197612,19.9257872175,29.5292037964
308,308,2018-05-16 19:07:23.086,50.0342197612,19.9257872175,29.5292037964
309,309,2018-05-16 19:07:23.107,50.0342197612,19.9257872175,29.5292037964
310,310,2018-05-16 19:07:23.127,50.0342197612,19.9257872175,29.5292037964
311,311,2018-05-16 19:07:23.149,50.0342197612,19.9257872175,29.5292037964
312,312,2018-05-16 19:07:23.170,50.0342197612,19.9257872175,29.5292037964
313,313,2018-05-16 19:07:23.190,50.0342197612,19.9257872175,29.5292037964
314,314,2018-05-16 19:07:23.215,50.0342197612,19.9257872175,29.5292037964
315,315,2018-05-16 19:07:23.236,50.0342197612,19.9257872175,29.5292037964
316,316,2018-05-16 19:07:23.257,50.0342197612,19.9257872175,29.5292037964
317,317,2018-05-16 19:07:23.280,50.0342197612,19.9257872175,29.5292037964
318,318,2018-05-16 19:07:23.300,50.0342197612,19.9257872175,29.5292037964
319,319,2018-05-16 19:07:23.324,50.0342197612,19.9257872175,29.5292037964
320,320,2018-05-16 19:07:23.349,50.0342197612,19.9257872175,29.5292037964
321,321,2018-05-16 19:07:23.370,50.0342197612,19.9257872175,29.5292037964
322,322,2018-05-16 19:07:23.395,50.0342197612,19.9257872175,29.5292037964
323,323,2018-05-16 19:07:23.417,50.0342197612,19.9257872175,29.5292037964
324,324,2018-05-16 19:07:23.438,50.0342197612,19.9257872175,29.5292037964
325,325,2018-05-16 19:07:23.459,50.0342197612,19.9257872175,29.5292037964
326,326,2018-05-16 19:07:23.481,50.0342197612,19.9257872175,29.5292037964
327,327,2018-05-16 19:07:23.502,50.0342197612,19.9257872175,29.5292037964
328,328,2018-05-16 19:07:23.523,50.0342197612,19.9257872175,29.5292037964
329,329,2018-05-16 19:07:23.545,50.0342197612,19.9257872175,29.5292037964
330,330,2018-05-16 19:07:23.565,50.0342197612,19.9257872175,29.5292037964
331,331,2018-05-16 19:07:23.587,50.0342197612,19.9257872175,29.5292037964
332,332,2018-05-16 19:07:23.610,50.0342197612,19.9257872175,29.5292037964
333,333,2018-05-16 19:07:23.631,50.0342197612,19.9257872175,29.5292037964
334,334,2018-05-16 19:07:23.652,50.0342197612,19.9257872175,29.5292037964
335,335,2018-05-16 19:07:23.676,50.0342197612,19.9257872175,29.5292037964
336,336,2018-05-16 19:07:23.697,50.0342197612,19.9257872175,29.5292037964
337,337,2018-05-16 19:07:23.718,50.0342197612,19.9257872175,29.5292037964
338,338,2018-05-16 19:07:23.743,50.0342197612,19.9257872175,29.5292037964
339,339,2018-05-16 19:07:23.764,50.0342197612,19.9257872175,29.5292037964
340,340,2018-05-16 19:07:23.785,50.0342197612,19.9257872175,29.5292037964
341,341,2018-05-16 19:07:23.809,50.0342197612,19.9257872175,29.5292037964
342,342,2018-05-16 19:07:23.830,50.0342197612,19.9257872175,29.5292037964
343,343,2018-05-16 19:07:23.851,50.0342197612,19.9257872175,29.5292037964
344,344,2018-05-16 19:07:23.873,50.0342197612,19.9257872175,29.5292037964
345,345,2018-05-16 19:07:23.894,50.0342197612,19.9257872175,29.5292037964
346,346,2018-05-16 19:07:23.916,50.0342197612,19.9257872175,29.5292037964
347,347,2018-05-16 19:07:23.937,50.0342197612,19.9257872175,29.5292037964
348,348,2018-05-16 19:07:23.962,50.0342908226,19.9257897496,26.3071763992
349,349,2018-05-16 19:07:23.990,50.0342908226,19.9257897496,26.3071763992
350,350,2018-05-16 19:07:24.012,50.0342908226,19.9257897496,26.3071763992
351,351,2018-05-16 19:07:24.034,50.0342908226,19.9257897496,26.3071763992
352,352,2018-05-16 19:07:24.055,50.0342908226,19.9257897496,26.3071763992
353,353,2018-05-16 19:07:24.076,50.0342908226,19.9257897496,26.3071763992
354,354,2018-05-16 19:07:24.097,50.0342908226,19.9257897496,26.3071763992
355,355,2018-05-16 19:07:24.118,50.0342908226,19.9257897496,26.3071763992
356,356,2018-05-16 19:07:24.140,50.0342908226,19.9257897496,26.3071763992
357,357,2018-05-16 19:07:24.161,50.0342908226,19.9257897496,26.3071763992
358,358,2018-05-16 19:07:24.182,50.0342908226,19.9257897496,26.3071763992
359,359,2018-05-16 19:07:24.203,50.0342908226,19.9257897496,26.3071763992
360,360,2018-05-16 19:07:24.224,50.0342908226,19.9257897496,26.3071763992
361,361,2018-05-16 19:07:24.246,50.0342908226,19.9257897496,26.3071763992
362,362,2018-05-16 19:07:24.267,50.0342908226,19.9257897496,26.3071763992
363,363,2018-05-16 19:07:24.289,50.0342908226,19.9257897496,26.3071763992
364,364,2018-05-16 19:07:24.310,50.0342908226,19.9257897496,26.3071763992
365,365,2018-05-16 19:07:24.331,50.0342908226,19.9257897496,26.3071763992
366,366,2018-05-16 19:07:24.352,50.0342908226,19.9257897496,26.3071763992
367,367,2018-05-16 19:07:24.373,50.0342908226,19.9257897496,26.3071763992
368,368,2018-05-16 19:07:24.394,50.0342908226,19.9257897496,26.3071763992
369,369,2018-05-16 19:07:24.415,50.0342908226,19.9257897496,26.3071763992
370,370,2018-05-16 19:07:24.436,50.0342908226,19.9257897496,26.3071763992
371,371,2018-05-16 19:07:24.457,50.0342908226,19.9257897496,26.3071763992
372,372,2018-05-16 19:07:24.479,50.0342908226,19.9257897496,26.3071763992
373,373,2018-05-16 19:07:24.502,50.0342908226,19.9257897496,26.3071763992
374,374,2018-05-16 19:07:24.523,50.0342908226,19.9257897496,26.3071763992
375,375,2018-05-16 19:07:24.545,50.0342908226,19.9257897496,26.3071763992
376,376,2018-05-16 19:07:24.566,50.0342908226,19.9257897496,26.3071763992
377,377,2018-05-16 19:07:24.587,50.0342908226,19.9257897496,26.3071763992
378,378,2018-05-16 19:07:24.608,50.0342908226,19.9257897496,26.3071763992
379,379,2018-05-16 19:07:24.629,50.0342908226,19.9257897496,26.3071763992
380,380,2018-05-16 19:07:24.650,50.0342908226,19.9257897496,26.3071763992
381,381,2018-05-16 19:07:24.673,50.0342908226,19.9257897496,26.3071763992
382,382,2018-05-16 19:07:24.694,50.0342908226,19.9257897496,26.3071763992
383,383,2018-05-16 19:07:24.715,50.0342908226,19.9257897496,26.3071763992
384,384,2018-05-16 19:07:24.737,50.0342908226,19.9257897496,26.3071763992
385,385,2018-05-16 19:07:24.758,50.0342908226,19.9257897496,26.3071763992
386,386,2018-05-16 19:07:24.778,50.0342908226,19.9257897496,26.3071763992
387,387,2018-05-16 19:07:24.800,50.0342908226,19.9257897496,26.3071763992
388,388,2018-05-16 19:07:24.819,50.0342908226,19.9257897496,26.3071763992
389,389,2018-05-16 19:07:24.841,50.0342908226,19.9257897496,26.3071763992
390,390,2018-05-16 19:07:24.861,50.0342908226,19.9257897496,26.3071763992
391,391,2018-05-16 19:07:24.882,50.0342908226,19.9257897496,26.3071763992
392,392,2018-05-16 19:07:24.904,50.0342908226,19.9257897496,26.3071763992
393,393,2018-05-16 19:07:24.926,50.0343504113,19.9257913861,22.068355751
394,394,2018-05-16 19:07:24.952,50.0343504113,19.9257913861,22.068355751
395,395,2018-05-16 19:07:24.974,50.0343504113,19.9257913861,22.068355751
396,396,2018-05-16 19:07:24.998,50.0343504113,19.9257913861,22.068355751
397,397,2018-05-16 19:07:25.019,50.0343504113,19.9257913861,22.068355751
398,398,2018-05-16 19:07:25.041,50.0343504113,19.9257913861,22.068355751
399,399,2018-05-16 19:07:25.064,50.0343504113,19.9257913861,22.068355751
400,400,2018-05-16 19:07:25.086,50.0343504113,19.9257913861,22.068355751
401,401,2018-05-16 19:07:25.106,50.0343504113,19.9257913861,22.068355751
402,402,2018-05-16 19:07:25.134,50.0343504113,19.9257913861,22.068355751
403,403,2018-05-16 19:07:25.158,50.0343504113,19.9257913861,22.068355751
404,404,2018-05-16 19:07:25.182,50.0343504113,19.9257913861,22.068355751
405,405,2018-05-16 19:07:25.206,50.0343504113,19.9257913861,22.068355751
406,406,2018-05-16 19:07:25.231,50.0343504113,19.9257913861,22.068355751
407,407,2018-05-16 19:07:25.252,50.0343504113,19.9257913861,22.068355751
408,408,2018-05-16 19:07:25.277,50.0343504113,19.9257913861,22.068355751
409,409,2018-05-16 19:07:25.302,50.0343504113,19.9257913861,22.068355751
410,410,2018-05-16 19:07:25.324,50.0343504113,19.9257913861,22.068355751
411,411,2018-05-16 19:07:25.347,50.0343504113,19.9257913861,22.068355751
412,412,2018-05-16 19:07:25.369,50.0343504113,19.9257913861,22.068355751
413,413,2018-05-16 19:07:25.396,50.0343504113,19.9257913861,22.068355751
414,414,2018-05-16 19:07:25.418,50.0343504113,19.9257913861,22.068355751
415,415,2018-05-16 19:07:25.440,50.0343504113,19.9257913861,22.068355751
416,416,2018-05-16 19:07:25.479,50.0343504113,19.9257913861,22.068355751
417,417,2018-05-16 19:07:25.501,50.0343504113,19.9257913861,22.068355751
418,418,2018-05-16 19:07:25.523,50.0343504113,19.9257913861,22.068355751
419,419,2018-05-16 19:07:25.544,50.0343504113,19.9257913861,22.068355751
420,420,2018-05-16 19:07:25.569,50.0343504113,19.9257913861,22.068355751
421,421,2018-05-16 19:07:25.590,50.0343504113,19.9257913861,22.068355751
422,422,2018-05-16 19:07:25.612,50.0343504113,19.9257913861,22.068355751
423,423,2018-05-16 19:07:25.634,50.0343504113,19.9257913861,22.068355751
424,424,2018-05-16 19:07:25.655,50.0343504113,19.9257913861,22.068355751
425,425,2018-05-16 19:07:25.677,50.0343504113,19.9257913861,22.068355751
426,426,2018-05-16 19:07:25.698,50.0343504113,19.9257913861,22.068355751
427,427,2018-05-16 19:07:25.719,50.0343504113,19.9257913861,22.068355751
428,428,2018-05-16 19:07:25.741,50.0343504113,19.9257913861,22.068355751
429,429,2018-05-16 19:07:25.764,50.0343504113,19.9257913861,22.068355751
430,430,2018-05-16 19:07:25.786,50.0343504113,19.9257913861,22.068355751
431,431,2018-05-16 19:07:25.810,50.0343504113,19.9257913861,22.068355751
432,432,2018-05-16 19:07:25.845,50.0343504113,19.9257913861,22.068355751
433,433,2018-05-16 19:07:25.875,50.0343504113,19.9257913861,22.068355751
434,434,2018-05-16 19:07:25.898,50.0343504113,19.9257913861,22.068355751
435,435,2018-05-16 19:07:25.923,50.0343504113,19.9257913861,22.068355751
436,436,2018-05-16 19:07:25.947,50.0343504113,19.9257913861,22.068355751
437,437,2018-05-16 19:07:25.971,50.034398929,19.9257904009,17.1014797211
438,438,2018-05-16 19:07:26.001,50.0380583,19.9255818,17.1014797211
439,439,2018-05-16 19:07:26.023,50.0380583,19.9255818,17.1014797211
440,440,2018-05-16 19:07:26.047,50.0380583,19.9255818,17.1014797211
441,441,2018-05-16 19:07:26.071,50.0380583,19.9255818,17.1014797211
442,442,2018-05-16 19:07:26.094,50.0380583,19.9255818,17.1014797211
443,443,2018-05-16 19:07:26.116,50.0380583,19.9255818,17.1014797211
444,444,2018-05-16 19:07:26.139,50.0380583,19.9255818,17.1014797211
445,445,2018-05-16 19:07:26.161,50.0380583,19.9255818,17.1014797211
446,446,2018-05-16 19:07:26.183,50.0380583,19.9255818,17.1014797211
447,447,2018-05-16 19:07:26.206,50.0380583,19.9255818,17.1014797211
448,448,2018-05-16 19:07:26.234,50.0380583,19.9255818,17.1014797211
449,449,2018-05-16 19:07:26.256,50.0380583,19.9255818,17.1014797211
450,450,2018-05-16 19:07:26.277,50.0380583,19.9255818,17.1014797211
451,451,2018-05-16 19:07:26.300,50.0380583,19.9255818,17.1014797211
452,452,2018-05-16 19:07:26.323,50.0380583,19.9255818,17.1014797211
453,453,2018-05-16 19:07:26.346,50.0380583,19.9255818,17.1014797211
454,454,2018-05-16 19:07:26.368,50.0380583,19.9255818,17.1014797211
455,455,2018-05-16 19:07:26.395,50.0380583,19.9255818,17.1014797211
456,456,2018-05-16 19:07:26.416,50.0380583,19.9255818,17.1014797211
457,457,2018-05-16 19:07:26.438,50.0380583,19.9255818,17.1014797211
458,458,2018-05-16 19:07:26.460,50.0380583,19.9255818,17.1014797211
459,459,2018-05-16 19:07:26.481,50.0380583,19.9255818,17.1014797211
460,460,2018-05-16 19:07:26.505,50.0380583,19.9255818,17.1014797211
461,461,2018-05-16 19:07:26.536,50.0380583,19.9255818,17.1014797211
462,462,2018-05-16 19:07:26.558,50.0380583,19.9255818,17.1014797211
463,463,2018-05-16 19:07:26.580,50.0380583,19.9255818,17.1014797211
464,464,2018-05-16 19:07:26.602,50.0380583,19.9255818,17.1014797211
465,465,2018-05-16 19:07:26.632,50.0380583,19.9255818,17.1014797211
466,466,2018-05-16 19:07:26.658,50.0380583,19.9255818,17.1014797211
467,467,2018-05-16 19:07:26.679,50.0380583,19.9255818,17.1014797211
468,468,2018-05-16 19:07:26.703,50.0380583,19.9255818,17.1014797211
469,469,2018-05-16 19:07:26.725,50.0380583,19.9255818,17.1014797211
470,470,2018-05-16 19:07:26.746,50.0380583,19.9255818,17.1014797211
471,471,2018-05-16 19:07:26.768,50.0380583,19.9255818,17.1014797211
472,472,2018-05-16 19:07:26.789,50.0380583,19.9255818,17.1014797211
473,473,2018-05-16 19:07:26.810,50.0380583,19.9255818,17.1014797211
474,474,2018-05-16 19:07:26.831,50.0380583,19.9255818,17.1014797211
475,475,2018-05-16 19:07:26.855,50.0380583,19.9255818,17.1014797211
476,476,2018-05-16 19:07:26.876,50.0380583,19.9255818,17.1014797211
477,477,2018-05-16 19:07:26.905,50.0380583,19.9255818,17.1014797211
478,478,2018-05-16 19:07:26.934,50.0344346932,19.9257888779,12.4618666649
479,479,2018-05-16 19:07:26.957,50.0344346932,19.9257888779,12.4618666649
480,480,2018-05-16 19:07:26.978,50.0344346932,19.9257888779,12.4618666649
481,481,2018-05-16 19:07:26.999,50.0344346932,19.9257888779,12.4618666649
482,482,2018-05-16 19:07:27.022,50.0344346932,19.9257888779,12.4618666649
483,483,2018-05-16 19:07:27.043,50.0344346932,19.9257888779,12.4618666649
484,484,2018-05-16 19:07:27.065,50.0344346932,19.9257888779,12.4618666649
485,485,2018-05-16 19:07:27.099,50.0344346932,19.9257888779,12.4618666649
486,486,2018-05-16 19:07:27.132,50.0344346932,19.9257888779,12.4618666649
487,487,2018-05-16 19:07:27.172,50.0344346932,19.9257888779,12.4618666649
488,488,2018-05-16 19:07:27.196,50.0344346932,19.9257888779,12.4618666649
489,489,2018-05-16 19:07:27.218,50.0344346932,19.9257888779,12.4618666649
490,490,2018-05-16 19:07:27.241,50.0344346932,19.9257888779,12.4618666649
491,491,2018-05-16 19:07:27.263,50.0344346932,19.9257888779,12.4618666649
492,492,2018-05-16 19:07:27.284,50.0344346932,19.9257888779,12.4618666649
493,493,2018-05-16 19:07:27.305,50.0344346932,19.9257888779,12.4618666649
494,494,2018-05-16 19:07:27.328,50.0344346932,19.9257888779,12.4618666649
495,495,2018-05-16 19:07:27.351,50.0344346932,19.9257888779,12.4618666649
496,496,2018-05-16 19:07:27.373,50.0344346932,19.9257888779,12.4618666649
497,497,2018-05-16 19:07:27.395,50.0344346932,19.9257888779,12.4618666649
498,498,2018-05-16 19:07:27.419,50.0344346932,19.9257888779,12.4618666649
499,499,2018-05-16 19:07:27.441,50.0344346932,19.9257888779,12.4618666649
500,500,2018-05-16 19:07:27.463,50.0344346932,19.9257888779,12.4618666649
501,501,2018-05-16 19:07:27.487,50.0344346932,19.9257888779,12.4618666649
502,502,2018-05-16 19:07:27.508,50.0344346932,19.9257888779,12.4618666649
503,503,2018-05-16 19:07:27.535,50.0344346932,19.9257888779,12.4618666649
504,504,2018-05-16 19:07:27.561,50.0344346932,19.9257888779,12.4618666649
505,505,2018-05-16 19:07:27.584,50.0344346932,19.9257888779,12.4618666649
506,506,2018-05-16 19:07:27.611,50.0344346932,19.9257888779,12.4618666649
507,507,2018-05-16 19:07:27.634,50.0344346932,19.9257888779,12.4618666649
508,508,2018-05-16 19:07:27.655,50.0344346932,19.9257888779,12.4618666649
509,509,2018-05-16 19:07:27.688,50.0344346932,19.9257888779,12.4618666649
510,510,2018-05-16 19:07:27.725,50.0344346932,19.9257888779,12.4618666649
511,511,2018-05-16 19:07:27.747,50.0344346932,19.9257888779,12.4618666649
512,512,2018-05-16 19:07:27.769,50.0344346932,19.9257888779,12.4618666649
513,513,2018-05-16 19:07:27.793,50.0344346932,19.9257888779,12.4618666649
514,514,2018-05-16 19:07:27.818,50.0344346932,19.9257888779,12.4618666649
515,515,2018-05-16 19:07:27.842,50.0344346932,19.9257888779,12.4618666649
516,516,2018-05-16 19:07:27.865,50.0344346932,19.9257888779,12.4618666649
517,517,2018-05-16 19:07:27.905,50.0344346932,19.9257888779,12.4618666649
518,518,2018-05-16 19:07:27.939,50.034457716,19.925788913,7.0770213604
519,519,2018-05-16 19:07:27.968,50.034457716,19.925788913,7.0770213604
520,520,2018-05-16 19:07:27.991,50.034457716,19.925788913,7.0770213604
521,521,2018-05-16 19:07:28.015,50.034457716,19.925788913,7.0770213604
522,522,2018-05-16 19:07:28.036,50.034457716,19.925788913,7.0770213604
523,523,2018-05-16 19:07:28.059,50.034457716,19.925788913,7.0770213604
524,524,2018-05-16 19:07:28.080,50.034457716,19.925788913,7.0770213604
525,525,2018-05-16 19:07:28.104,50.034457716,19.925788913,7.0770213604
526,526,2018-05-16 19:07:28.126,50.034457716,19.925788913,7.0770213604
527,527,2018-05-16 19:07:28.149,50.034457716,19.925788913,7.0770213604
528,528,2018-05-16 19:07:28.172,50.034457716,19.925788913,7.0770213604
529,529,2018-05-16 19:07:28.202,50.034457716,19.925788913,7.0770213604
530,530,2018-05-16 19:07:28.226,50.034457716,19.925788913,7.0770213604
531,531,2018-05-16 19:07:28.249,50.034457716,19.925788913,7.0770213604
532,532,2018-05-16 19:07:28.284,50.034457716,19.925788913,7.0770213604
533,533,2018-05-16 19:07:28.316,50.034457716,19.925788913,7.0770213604
534,534,2018-05-16 19:07:28.339,50.034457716,19.925788913,7.0770213604
535,535,2018-05-16 19:07:28.362,50.034457716,19.925788913,7.0770213604
536,536,2018-05-16 19:07:28.386,50.034457716,19.925788913,7.0770213604
537,537,2018-05-16 19:07:28.421,50.034457716,19.925788913,7.0770213604
538,538,2018-05-16 19:07:28.442,50.034457716,19.925788913,7.0770213604
539,539,2018-05-16 19:07:28.463,50.034457716,19.925788913,7.0770213604
540,540,2018-05-16 19:07:28.485,50.034457716,19.925788913,7.0770213604
541,541,2018-05-16 19:07:28.507,50.034457716,19.925788913,7.0770213604
542,542,2018-05-16 19:07:28.529,50.034457716,19.925788913,7.0770213604
543,543,2018-05-16 19:07:28.552,50.034457716,19.925788913,7.0770213604
544,544,2018-05-16 19:07:28.575,50.034457716,19.925788913,7.0770213604
545,545,2018-05-16 19:07:28.597,50.034457716,19.925788913,7.0770213604
546,546,2018-05-16 19:07:28.622,50.034457716,19.925788913,7.0770213604
547,547,2018-05-16 19:07:28.647,50.034457716,19.925788913,7.0770213604
548,548,2018-05-16 19:07:28.668,50.034457716,19.925788913,7.0770213604
549,549,2018-05-16 19:07:28.689,50.034457716,19.925788913,7.0770213604
550,550,2018-05-16 19:07:28.711,50.034457716,19.925788913,7.0770213604
551,551,2018-05-16 19:07:28.732,50.034457716,19.925788913,7.0770213604
552,552,2018-05-16 19:07:28.754,50.034457716,19.925788913,7.0770213604
553,553,2018-05-16 19:07:28.774,50.034457716,19.925788913,7.0770213604
554,554,2018-05-16 19:07:28.795,50.034457716,19.925788913,7.0770213604
555,555,2018-05-16 19:07:28.816,50.034457716,19.925788913,7.0770213604
556,556,2018-05-16 19:07:28.838,50.034457716,19.925788913,7.0770213604
557,557,2018-05-16 19:07:28.859,50.034457716,19.925788913,7.0770213604
558,558,2018-05-16 19:07:28.880,50.034457716,19.925788913,7.0770213604
559,559,2018-05-16 19:07:28.901,50.034457716,19.925788913,7.0770213604
560,560,2018-05-16 19:07:28.922,50.034457716,19.925788913,7.0770213604
561,561,2018-05-16 19:07:28.947,50.034457716,19.925788913,7.0770213604
562,562,2018-05-16 19:07:28.968,50.034457716,19.925788913,7.0770213604
563,563,2018-05-16 19:07:28.989,50.034457716,19.925788913,7.0770213604
564,564,2018-05-16 19:07:29.011,50.0344686285,19.9257857169,3.46411650181
565,565,2018-05-16 19:07:29.034,50.0344686285,19.9257857169,3.46411650181
566,566,2018-05-16 19:07:29.055,50.0344686285,19.9257857169,3.46411650181
567,567,2018-05-16 19:07:29.077,50.0344686285,19.9257857169,3.46411650181
568,568,2018-05-16 19:07:29.099,50.0344686285,19.9257857169,3.46411650181
569,569,2018-05-16 19:07:29.120,50.0344686285,19.9257857169,3.46411650181
570,570,2018-05-16 19:07:29.148,50.0344686285,19.9257857169,3.46411650181
571,571,2018-05-16 19:07:29.170,50.0344686285,19.9257857169,3.46411650181
572,572,2018-05-16 19:07:29.192,50.0344686285,19.9257857169,3.46411650181
573,573,2018-05-16 19:07:29.214,50.0344686285,19.9257857169,3.46411650181
574,574,2018-05-16 19:07:29.235,50.0344686285,19.9257857169,3.46411650181
575,575,2018-05-16 19:07:29.257,50.0344686285,19.9257857169,3.46411650181
576,576,2018-05-16 19:07:29.279,50.0344686285,19.9257857169,3.46411650181
577,577,2018-05-16 19:07:29.301,50.0344686285,19.9257857169,3.46411650181
578,578,2018-05-16 19:07:29.325,50.0344686285,19.9257857169,3.46411650181
579,579,2018-05-16 19:07:29.348,50.0344686285,19.9257857169,3.46411650181
580,580,2018-05-16 19:07:29.377,50.0344686285,19.9257857169,3.46411650181
581,581,2018-05-16 19:07:29.398,50.0344686285,19.9257857169,3.46411650181
582,582,2018-05-16 19:07:29.419,50.0344686285,19.9257857169,3.46411650181
583,583,2018-05-16 19:07:29.443,50.0344686285,19.9257857169,3.46411650181
584,584,2018-05-16 19:07:29.464,50.0344686285,19.9257857169,3.46411650181
585,585,2018-05-16 19:07:29.485,50.0344686285,19.9257857169,3.46411650181
586,586,2018-05-16 19:07:29.507,50.0344686285,19.9257857169,3.46411650181
587,587,2018-05-16 19:07:29.527,50.0344686285,19.9257857169,3.46411650181
588,588,2018-05-16 19:07:29.551,50.0344686285,19.9257857169,3.46411650181
589,589,2018-05-16 19:07:29.578,50.0344686285,19.9257857169,3.46411650181
590,590,2018-05-16 19:07:29.605,50.0344686285,19.9257857169,3.46411650181
591,591,2018-05-16 19:07:29.627,50.0344686285,19.9257857169,3.46411650181
592,592,2018-05-16 19:07:29.648,50.0344686285,19.9257857169,3.46411650181
593,593,2018-05-16 19:07:29.669,50.0344686285,19.9257857169,3.46411650181
594,594,2018-05-16 19:07:29.690,50.0344686285,19.9257857169,3.46411650181
595,595,2018-05-16 19:07:29.713,50.0344686285,19.9257857169,3.46411650181
596,596,2018-05-16 19:07:29.735,50.0344686285,19.9257857169,3.46411650181
597,597,2018-05-16 19:07:29.756,50.0344686285,19.9257857169,3.46411650181
598,598,2018-05-16 19:07:29.779,50.0344686285,19.9257857169,3.46411650181
599,599,2018-05-16 19:07:29.801,50.0344686285,19.9257857169,3.46411650181
600,600,2018-05-16 19:07:29.823,50.0344686285,19.9257857169,3.46411650181
601,601,2018-05-16 19:07:29.845,50.0344686285,19.9257857169,3.46411650181
602,602,2018-05-16 19:07:29.866,50.0344686285,19.9257857169,3.46411650181
603,603,2018-05-16 19:07:29.887,50.0344686285,19.9257857169,3.46411650181
604,604,2018-05-16 19:07:29.910,50.0344686285,19.9257857169,3.46411650181
605,605,2018-05-16 19:07:29.934,50.0344706022,19.9257835783,0.22985227704
606,606,2018-05-16 19:07:29.956,50.0344706022,19.9257835783,0.22985227704
607,607,2018-05-16 19:07:29.976,50.0344706022,19.9257835783,0.22985227704
608,608,2018-05-16 19:07:29.999,50.0344706022,19.9257835783,0.22985227704
609,609,2018-05-16 19:07:30.023,50.0344706022,19.9257835783,0.22985227704
610,610,2018-05-16 19:07:30.044,50.0344706022,19.9257835783,0.22985227704
611,611,2018-05-16 19:07:30.065,50.0344706022,19.9257835783,0.22985227704
612,612,2018-05-16 19:07:30.086,50.0344706022,19.9257835783,0.22985227704
613,613,2018-05-16 19:07:30.107,50.0344706022,19.9257835783,0.22985227704
614,614,2018-05-16 19:07:30.130,50.0344706022,19.9257835783,0.22985227704
615,615,2018-05-16 19:07:30.156,50.0344706022,19.9257835783,0.22985227704
616,616,2018-05-16 19:07:30.177,50.0344706022,19.9257835783,0.22985227704
617,617,2018-05-16 19:07:30.200,50.0344706022,19.9257835783,0.22985227704
618,618,2018-05-16 19:07:30.221,50.0344706022,19.9257835783,0.22985227704
619,619,2018-05-16 19:07:30.244,50.0344706022,19.9257835783,0.22985227704
620,620,2018-05-16 19:07:30.269,50.0344706022,19.9257835783,0.22985227704
621,621,2018-05-16 19:07:30.291,50.0344706022,19.9257835783,0.22985227704
622,622,2018-05-16 19:07:30.312,50.0344706022,19.9257835783,0.22985227704
623,623,2018-05-16 19:07:30.342,50.0344706022,19.9257835783,0.22985227704
624,624,2018-05-16 19:07:30.363,50.0344706022,19.9257835783,0.22985227704
625,625,2018-05-16 19:07:30.384,50.0344706022,19.9257835783,0.22985227704
626,626,2018-05-16 19:07:30.405,50.0344706022,19.9257835783,0.22985227704
627,627,2018-05-16 19:07:30.428,50.0344706022,19.9257835783,0.22985227704
628,628,2018-05-16 19:07:30.450,50.0344706022,19.9257835783,0.22985227704
629,629,2018-05-16 19:07:30.471,50.0344706022,19.9257835783,0.22985227704
630,630,2018-05-16 19:07:30.493,50.0344706022,19.9257835783,0.22985227704
631,631,2018-05-16 19:07:30.515,50.0344706022,19.9257835783,0.22985227704
632,632,2018-05-16 19:07:30.536,50.0344706022,19.9257835783,0.22985227704
633,633,2018-05-16 19:07:30.558,50.0344706022,19.9257835783,0.22985227704
634,634,2018-05-16 19:07:30.579,50.0344706022,19.9257835783,0.22985227704
635,635,2018-05-16 19:07:30.603,50.0344706022,19.9257835783,0.22985227704
636,636,2018-05-16 19:07:30.624,50.0344706022,19.9257835783,0.22985227704
637,637,2018-05-16 19:07:30.648,50.0344706022,19.9257835783,0.22985227704
638,638,2018-05-16 19:07:30.677,50.0344706022,19.9257835783,0.22985227704
639,639,2018-05-16 19:07:30.702,50.0344706022,19.9257835783,0.22985227704
640,640,2018-05-16 19:07:30.726,50.0344706022,19.9257835783,0.22985227704
641,641,2018-05-16 19:07:30.756,50.0344706022,19.9257835783,0.22985227704
642,642,2018-05-16 19:07:30.783,50.0344706022,19.9257835783,0.22985227704
643,643,2018-05-16 19:07:30.804,50.0344706022,19.9257835783,0.22985227704
644,644,2018-05-16 19:07:30.826,50.0344706022,19.9257835783,0.22985227704
645,645,2018-05-16 19:07:30.847,50.0344706022,19.9257835783,0.22985227704
646,646,2018-05-16 19:07:30.869,50.0344706022,19.9257835783,0.22985227704
647,647,2018-05-16 19:07:30.890,50.0344706022,19.9257835783,0.22985227704
648,648,2018-05-16 19:07:30.911,50.0344706022,19.9257835783,0.22985227704
649,649,2018-05-16 19:07:30.933,50.0344706022,19.9257835783,0.0
650,650,2018-05-16 19:07:30.956,50.0344706022,19.9257835783,0.0
651,651,2018-05-16 19:07:30.977,50.0344706022,19.9257835783,0.0
652,652,2018-05-16 19:07:31.007,50.0344706022,19.9257835783,0.0
653,653,2018-05-16 19:07:31.029,50.0344706022,19.9257835783,0.0
654,654,2018-05-16 19:07:31.050,50.0344706022,19.9257835783,0.0
655,655,2018-05-16 19:07:31.072,50.0344706022,19.9257835783,0.0
656,656,2018-05-16 19:07:31.096,50.0344706022,19.9257835783,0.0
657,657,2018-05-16 19:07:31.128,50.0344706022,19.9257835783,0.0
658,658,2018-05-16 19:07:31.149,50.0344706022,19.9257835783,0.0
659,659,2018-05-16 19:07:31.171,50.0344706022,19.9257835783,0.0
660,660,2018-05-16 19:07:31.194,50.0344706022,19.9257835783,0.0
661,661,2018-05-16 19:07:31.215,50.0344706022,19.9257835783,0.0
662,662,2018-05-16 19:07:31.239,50.0344706022,19.9257835783,0.0
663,663,2018-05-16 19:07:31.259,50.0344706022,19.9257835783,0.0
664,664,2018-05-16 19:07:31.280,50.0344706022,19.9257835783,0.0
